Date,Price XSD2,Price DAX
5/10/10,3973.5,6017.91
5/11/10,3899.5,6037.71
5/12/10,3714.5,6183.49
5/13/10,3669,6251.97
5/14/10,3781,6056.71
5/17/10,3861,6066.92
5/18/10,3758.5,6155.93
5/19/10,3969,5988.67
5/20/10,4151,5867.88
5/21/10,4260.5,5829.25
5/24/10,4216.5,5805.68
5/25/10,4385,5670.04
5/26/10,4229,5758.02
5/27/10,3970.5,5937.14
5/28/10,3981.5,5946.18
6/1/10,3856.5,5981.27
6/2/10,3841.5,5981.2
6/3/10,3744,6054.63
6/4/10,3857.5,5938.88
6/7/10,3890.5,5904.95
6/8/10,3974,5868.55
6/9/10,3782,5984.75
6/10/10,3698.5,6056.59
6/11/10,3729.5,6047.83
6/14/10,3643.5,6125
6/15/10,3578,6175.05
6/16/10,3558,6190.91
6/17/10,3533.5,6223.54
6/18/10,3548,6216.98
6/21/10,3459,6292.97
6/22/10,3461.5,6269.04
6/23/10,3494,6204.52
6/24/10,3607.5,6115.48
6/25/10,3657.5,6070.6
6/28/10,3527,6157.22
6/29/10,3722.5,5952.03
6/30/10,3767,5965.52
7/1/10,3911.5,5857.43
7/2/10,3973,5834.15
7/5/10,3995,5816.2
7/6/10,3842.5,5940.98
7/7/10,3771,5992.86
7/8/10,3748.5,6035.66
7/9/10,3707.5,6065.24
7/12/10,3692,6077.19
7/13/10,3555.5,6191.13
7/14/10,3522,6209.76
7/15/10,3605,6149.36
7/16/10,3756.5,6040.27
7/19/10,3824.5,6009.11
7/20/10,3856,5967.49
7/21/10,3814,5990.38
7/22/10,3638.5,6142.15
7/23/10,3550.5,6166.34
7/26/10,3539.5,6194.21
7/27/10,3509.5,6207.31
7/28/10,3536.5,6178.94
7/29/10,3608,6134.7
7/30/10,3555.5,6147.97
8/2/10,3389.5,6292.13
8/3/10,3368.5,6307.91
8/4/10,3336.5,6331.33
8/5/10,3344.5,6333.58
8/6/10,3423.5,6259.63
8/9/10,3318.5,6351.6
8/10/10,3390,6286.25
8/11/10,3497.5,6154.07
8/12/10,3529,6135.17
8/13/10,3533.5,6110.41
8/16/10,3527,6110.57
8/17/10,3456.5,6206.4
8/18/10,3469,6186.31
8/19/10,3579,6075.13
8/20/10,3646.5,6005.16
8/23/10,3626.5,6010.91
8/24/10,3743,5935.44
8/25/10,3774,5899.5
8/26/10,3752,5912.58
8/27/10,3734.5,5951.17
8/31/10,3793.5,5925.22
9/1/10,3591,6083.9
9/2/10,3602.5,6083.85
9/3/10,3544.5,6134.62
9/6/10,3533,6155.04
9/7/10,3550,6117.89
9/8/10,3458,6164.44
9/9/10,3403,6221.52
9/10/10,3432,6214.77
9/13/10,3403,6261.68
9/14/10,3397.5,6275.41
9/15/10,3390,6261.87
9/16/10,3426.5,6249.65
9/17/10,3459.5,6209.76
9/20/10,3386.5,6294.58
9/21/10,3417.5,6275.98
9/22/10,3548.5,6208.33
9/23/10,3541.5,6184.71
9/24/10,3428,6298.3
9/27/10,3442,6278.89
9/28/10,3473,6276.09
9/29/10,3519.5,6246.92
9/30/10,3560,6229.02
10/1/10,3590.5,6211.34
10/4/10,3661,6134.21
10/5/10,3582,6215.83
10/6/10,3541.5,6270.73
10/7/10,3534.5,6276.25
10/8/10,3514.5,6291.67
10/11/10,3491,6309.51
10/12/10,3507,6304.57
10/13/10,3387,6434.52
10/14/10,3354.5,6455.27
10/15/10,3297.5,6492.3
10/18/10,3286.5,6516.63
10/19/10,3308,6490.69
10/20/10,3285.5,6524.55
10/21/10,3220,6611.01
10/22/10,3226.5,6605.84
10/25/10,3193.5,6639.21
10/26/10,3166.5,6613.8
10/27/10,3206.5,6568
10/28/10,3179,6595.28
10/29/10,3162.5,6601.37
11/1/10,3147,6604.86
11/2/10,3135.5,6654.31
11/3/10,3156.5,6617.8
11/4/10,3053,6734.69
11/5/10,3009,6754.2
11/8/10,2992.5,6750.5
11/9/10,2974,6787.81
11/10/10,2989.5,6719.84
11/11/10,2964.5,6723.41
11/12/10,2962,6734.61
11/15/10,2906,6790.17
11/16/10,3030.5,6663.24
11/17/10,2988.5,6700.07
11/18/10,2874.9099,6832.11
11/19/10,2881.3601,6843.55
11/22/10,2893.6799,6822.05
11/23/10,2964.55,6705
11/24/10,2866.6299,6823.8
11/25/10,2822.25,6879.66
11/26/10,2845.5701,6848.98
11/29/10,2949.71,6697.97
11/30/10,2939.8301,6688.49
12/1/10,2797.21,6866.63
12/2/10,2749.3301,6957.61
12/3/10,2765.76,6947.72
12/6/10,2744.21,6954.38
12/7/10,2694.8701,7001.91
12/8/10,2702.22,6975.87
12/9/10,2708.9199,6964.16
12/10/10,2674.0601,7006.17
12/13/10,2673.9399,7029.39
12/14/10,2690.98,7027.4
12/15/10,2712.5901,7016.37
12/16/10,2683.22,7024.4
12/17/10,2726.79,6982.45
12/20/10,2689.75,7018.6
12/21/10,2652.1899,7077.99
12/22/10,2663.1699,7067.92
12/23/10,2673.48,7057.69
12/29/10,2721.8401,6995.47
12/30/10,2856.1101,6914.19
1/4/11,2741.02,6975.35
1/5/11,2756.97,6939.82
1/6/11,2692.23,6981.39
1/7/11,2695.0901,6947.84
1/10/11,2759.5901,6857.06
1/11/11,2690.6001,6941.57
1/12/11,2594.49,7068.78
1/13/11,2619.9199,7075.11
1/14/11,2613.5,7075.7
1/17/11,2600.1399,7078.06
1/18/11,2559.49,7143.45
1/19/11,2616.28,7082.76
1/20/11,2670.3301,7024.27
1/21/11,2650.26,7062.42
1/24/11,2663.25,7067.77
1/25/11,2695.51,7059.01
1/26/11,2643.0801,7127.35
1/27/11,2620.8601,7155.58
1/28/11,2654.71,7102.8
1/31/11,2650.49,7077.48
2/1/11,2576.49,7184.27
2/2/11,2570.98,7183.67
2/3/11,2540.72,7193.68
2/4/11,2524.28,7216.21
2/7/11,2461.7,7283.62
2/8/11,2464.3501,7323.24
2/9/11,2469.1399,7320.9
2/10/11,2433.6299,7340.28
2/11/11,2419.1799,7371.2
2/14/11,2391.6899,7396.63
2/15/11,2371.8401,7400.04
2/16/11,2378.7,7414.3
2/17/11,2386.8899,7405.51
2/18/11,2376.2251,7426.81
2/21/11,2441.0049,7321.81
2/22/11,2452.99,7318.35
2/23/11,2537.3999,7194.6
2/24/11,2609.2451,7130.5
2/25/11,2571.5801,7185.17
2/28/11,2489.5901,7272.32
3/1/11,2512.9451,7223.3
3/2/11,2546.7451,7181.12
3/3/11,2548.2351,7225.96
3/4/11,2590.905,7178.9
3/7/11,2602.9099,7161.93
3/8/11,2600.115,7164.75
3/9/11,2620.21,7131.8
3/10/11,2676.5449,7063.09
3/11/11,2741.9951,6981.49
3/14/11,2830.0349,6866.63
3/15/11,3020.3201,6647.66
3/16/11,3147.8999,6513.84
3/17/11,3023.0049,6656.88
3/18/11,3015,6664.4
3/21/11,2889.1951,6816.12
3/22/11,2890.325,6780.97
3/23/11,2883.3701,6804.45
3/24/11,2796.72,6933.58
3/25/11,2780.6699,6946.36
3/28/11,2801.55,6938.63
3/29/11,2808.6899,6934.44
3/30/11,2705.76,7057.15
3/31/11,2717.95,7041.31
4/1/11,2617.655,7179.81
4/4/11,2615.2749,7175.33
4/5/11,2594.3601,7175.31
4/6/11,2572.5701,7215.11
4/7/11,2597.3999,7178.78
4/8/11,2599.2949,7217.02
4/11/11,2592.5349,7204.86
4/12/11,2685.6951,7102.91
4/13/11,2635.7,7177.97
4/14/11,2639.165,7146.56
4/15/11,2623.4951,7178.29
4/18/11,2701.175,7026.85
4/19/11,2708.5701,7039.31
4/20/11,2571.2151,7249.19
4/21/11,2506.2549,7295.49
4/26/11,2496.21,7356.51
4/27/11,2459.2549,7404.95
4/28/11,2418.7251,7475.22
5/3/11,2432.145,7500.7
5/4/11,2513.5049,7373.93
5/5/11,2489.1951,7376.96
5/6/11,2388.4551,7492.25
5/9/11,2414.24,7410.52
5/10/11,2373.8049,7501.52
5/11/11,2343.0649,7495.05
5/12/11,2394.52,7443.95
5/13/11,2421.9851,7403.31
5/16/11,2437.21,7387.54
5/17/11,2503.0901,7256.65
5/18/11,2507.6699,7303.53
5/19/11,2476.9351,7358.23
5/20/11,2507.9099,7266.82
5/23/11,2591.6499,7121.52
5/24/11,2586.7549,7150.66
5/25/11,2547.72,7170.94
5/26/11,2578.8149,7114.09
5/27/11,2551.0701,7163.47
5/31/11,2485.21,7293.69
6/1/11,2549.395,7217.43
6/2/11,2657.21,7074.12
6/3/11,2664.47,7109.03
6/6/11,2684.28,7084.57
6/7/11,2668.845,7103.25
6/8/11,2699.23,7060.23
6/9/11,2613.6599,7159.66
6/10/11,2664.9551,7069.9
6/13/11,2644.7051,7085.14
6/14/11,2566.99,7204.79
6/15/11,2613.115,7115.08
6/16/11,2617.1499,7110.2
6/17/11,2588.3799,7164.05
6/20/11,2601.1851,7150.21
6/21/11,2517.9651,7285.51
6/22/11,2536.6001,7278.19
6/23/11,2607.615,7149.44
6/24/11,2626.5701,7121.38
6/27/11,2658.645,7107.9
6/28/11,2622.8999,7170.43
6/29/11,2531.6599,7294.14
6/30/11,2498.29,7376.24
7/1/11,2466.5449,7419.44
7/4/11,2447.9551,7442.96
7/5/11,2430.335,7439.44
7/6/11,2434.0249,7431.19
7/7/11,2414.1699,7471.44
7/8/11,2429.2,7402.73
7/11/11,2522.3799,7230.25
7/12/11,2553.6899,7174.14
7/13/11,2495.105,7267.87
7/14/11,2519.335,7214.74
7/15/11,2509.8899,7220.12
7/18/11,2582.51,7107.92
7/19/11,2545.77,7192.67
7/20/11,2521.2749,7221.36
7/21/11,2474.9199,7290.14
7/22/11,2454.8401,7326.39
7/25/11,2440.77,7344.54
7/26/11,2445.5801,7349.45
7/27/11,2497.0601,7252.68
7/28/11,2525.375,7190.06
7/29/11,2545.1851,7158.77
8/1/11,2665.1101,6953.98
8/2/11,2808.175,6796.75
8/3/11,2948.8149,6640.59
8/4/11,3124.8301,6414.76
8/5/11,3282.4451,6236.16
8/8/11,3602.385,5923.27
8/9/11,3667.7451,5917.08
8/10/11,4062.0349,5613.42
8/11/11,3777.8101,5797.66
8/12/11,3507.9351,5997.74
8/15/11,3517.8799,6022.24
8/16/11,3532.9951,5994.9
8/17/11,3558.22,5948.94
8/18/11,3978.595,5602.8
8/19/11,4124.915,5480
8/22/11,4172.6401,5473.78
8/23/11,4105.3149,5532.38
8/24/11,3902.425,5681.08
8/25/11,4042.575,5584.14
8/26/11,4130.75,5537.48
8/30/11,3966.8799,5643.92
8/31/11,3748.3401,5784.85
9/1/11,3824.98,5730.63
9/2/11,4046.6399,5538.33
9/5/11,4454.4951,5246.18
9/6/11,4555.395,5193.97
9/7/11,4222.2402,5405.53
9/8/11,4163.2949,5408.46
9/9/11,4450.125,5189.93
9/12/11,4644.2349,5072.33
9/13/11,4531.6348,5166.36
9/14/11,4209.5449,5340.19
9/15/11,3995.3301,5508.24
9/16/11,3910.075,5573.51
9/19/11,4054.9099,5415.91
9/20/11,3849.46,5571.68
9/21/11,4065.3799,5433.8
9/22/11,4466.6152,5164.21
9/23/11,4417.25,5196.56
9/26/11,4130.75,5345.56
9/27/11,3707.1499,5628.44
9/28/11,3742.9551,5578.42
9/29/11,3681.085,5639.58
9/30/11,3849.325,5502.02
10/3/11,3966.26,5376.7
10/4/11,4212.2749,5216.71
10/5/11,3829.9751,5473.03
10/6/11,3623.3799,5645.25
10/7/11,3548.5349,5675.7
10/10/11,3361.0149,5847.29
10/11/11,3361,5865.01
10/12/11,3213.5049,5994.47
10/13/11,3290.9551,5914.84
10/14/11,3246.4099,5967.2
10/17/11,3339.54,5859.43
10/18/11,3340.1899,5877.41
10/19/11,3278.175,5913.53
10/20/11,3430.9199,5766.48
10/21/11,3195.9099,5970.96
10/24/11,3097.79,6055.27
10/25/11,3107.885,6046.75
10/26/11,3143.3701,6016.07
10/27/11,2849.76,6337.84
10/28/11,2821.6101,6346.19
10/31/11,2930.0349,6141.34
11/1/11,3230.54,5834.51
11/2/11,3096.7051,5965.63
11/3/11,2897.9351,6133.18
11/4/11,3051.9299,5966.16
11/7/11,3106.885,5928.68
11/8/11,3057.76,5961.44
11/9/11,3180.73,5829.54
11/10/11,3150.415,5867.81
11/11/11,2968.3701,6057.03
11/14/11,3019.27,5985.02
11/15/11,3056.74,5933.14
11/16/11,3092.345,5913.36
11/17/11,3172.345,5850.17
11/18/11,3208.335,5800.24
11/21/11,3451.27,5606
11/22/11,3525.6599,5537.39
11/23/11,3621.115,5457.77
11/24/11,3663.8701,5428.11
11/25/11,3575.1399,5492.87
11/28/11,3259.9451,5745.33
11/29/11,3176.52,5799.91
11/30/11,2869.0349,6088.84
12/1/11,2914.46,6035.88
12/2/11,2883.6499,6080.68
12/5/11,2839.5601,6106.09
12/6/11,2921.77,6028.82
12/7/11,2938.52,5994.73
12/8/11,3047.865,5874.44
12/9/11,2944.1599,5986.71
12/12/11,3105.3049,5785.43
12/13/11,3114.28,5774.26
12/14/11,3203.7,5675.14
12/15/11,3136.4851,5730.62
12/16/11,3166.2749,5701.78
12/19/11,3213.22,5670.71
12/20/11,3004.0549,5847.03
12/21/11,3043.8601,5791.53
12/22/11,2975.655,5852.18
12/23/11,2965.8799,5878.93
12/28/11,3063.6951,5771.27
12/29/11,3024.2549,5848.78
12/30/11,2971.4299,5898.35
1/3/12,2672.6851,6166.57
1/4/12,2692.9199,6111.55
1/5/12,2705.345,6095.99
1/6/12,2742.5801,6057.92
1/9/12,2773.0149,6017.23
1/10/12,2640.51,6162.98
1/11/12,2667.96,6152.34
1/12/12,2662.5801,6179.21
1/13/12,2683.45,6143.08
1/16/12,2593.4351,6220.01
1/17/12,2520.0049,6332.93
1/18/12,2501.7549,6354.57
1/19/12,2458.49,6416.26
1/20/12,2457.6599,6404.39
1/23/12,2449,6436.62
1/24/12,2458.5,6419.22
1/25/12,2453.5,6421.85
1/26/12,2371.5,6539.85
1/27/12,2391.5,6511.98
1/30/12,2434.5,6444.45
1/31/12,2403.5,6458.91
2/1/12,2304,6616.64
2/2/12,2264,6655.63
2/3/12,2189.5,6766.67
2/6/12,2183.5,6764.83
2/7/12,2203.5,6754.2
2/8/12,2219,6748.76
2/9/12,2196.5,6788.8
2/10/12,2251,6692.96
2/13/12,2227.5,6738.47
2/14/12,2230,6728.19
2/15/12,2192.5,6757.94
2/16/12,2192.5,6751.96
2/17/12,2137.5,6848.03
2/20/12,2084.5,6948.25
2/21/12,2111.5,6908.18
2/22/12,2167,6843.87
2/23/12,2198,6809.46
2/24/12,2164,6864.43
2/27/12,2162,6849.6
2/28/12,2142.5,6887.63
2/29/12,2149,6856.08
3/1/12,2085,6941.77
3/2/12,2087.5,6921.37
3/5/12,2125,6866.46
3/6/12,2255,6633.11
3/7/12,2243.5,6671.11
3/8/12,2141.5,6834.54
3/9/12,2102,6880.21
3/12/12,2111.5,6901.35
3/13/12,2028.5,6995.91
3/14/12,1972,7079.42
3/15/12,1943,7144.45
3/16/12,1937.5,7157.82
3/19/12,1943,7154.22
3/20/12,1996,7054.94
3/21/12,1984,7071.32
3/22/12,2037,6981.26
3/23/12,2029.5,6995.62
3/26/12,1987,7079.23
3/27/12,1981,7078.9
3/28/12,2030,6998.8
3/29/12,2094.5,6875.15
3/30/12,2048.5,6946.83
4/2/12,1982,7056.65
4/3/12,2031,6982.28
4/4/12,2131,6784.06
4/5/12,2126,6775.26
4/10/12,2221,6606.43
4/11/12,2194.5,6674.73
4/12/12,2142,6743.24
4/13/12,2244.5,6583.9
4/16/12,2200.5,6625.19
4/17/12,2109,6801
4/18/12,2121.5,6732.03
4/19/12,2156,6671.22
4/20/12,2115.5,6750.12
4/23/12,2248,6523
4/24/12,2199,6590.41
4/25/12,2121,6704.5
4/26/12,2106,6739.9
4/27/12,2068.5,6801.32
4/30/12,2081.5,6761.19
5/2/12,2109,6710.77
5/3/12,2117.5,6694.44
5/4/12,2199,6561.47
5/8/12,2260,6444.74
5/9/12,2237,6475.31
5/10/12,2200.5,6518
5/11/12,2165,6579.93
5/14/12,2222,6451.97
5/15/12,2269,6401.06
5/16/12,2279,6384.26
5/17/12,2341.5,6308.96
5/18/12,2385,6271.22
5/21/12,2338,6331.04
5/22/12,2266.5,6435.6
5/23/12,2354.5,6285.75
5/24/12,2328,6315.89
5/25/12,2307.5,6339.94
5/28/12,2318.5,6323.19
5/29/12,2262.5,6396.84
5/30/12,2342.5,6280.8
5/31/12,2387.5,6264.38
6/1/12,2530,6050.29
6/6/12,2506.5,6093.99
6/7/12,2474,6144.22
6/8/12,2484,6130.82
6/11/12,2465,6141.05
6/12/12,2426.5,6161.24
6/13/12,2473,6152.49
6/14/12,2483,6138.61
6/15/12,2395.5,6229.41
6/18/12,2368,6248.2
6/19/12,2292,6363.36
6/20/12,2271,6392.13
6/21/12,2292.5,6343.13
6/22/12,2360,6263.25
6/25/12,2437,6132.39
6/26/12,2433.5,6136.69
6/27/12,2375,6228.99
6/28/12,2431,6149.91
6/29/12,2243.5,6416.28
7/2/12,2173,6496.08
7/3/12,2117,6578.21
7/4/12,2125,6564.8
7/5/12,2123,6535.56
7/6/12,2198,6410.11
7/9/12,2201.5,6387.57
7/10/12,2162.5,6438.33
7/11/12,2153.5,6453.85
7/12/12,2176,6419.35
7/13/12,2086,6557.1
7/16/12,2057,6565.72
7/17/12,2060.5,6577.64
7/18/12,1991.5,6684.42
7/19/12,1938,6758.39
7/20/12,2001.5,6630.02
7/23/12,2130.5,6419.33
7/24/12,2139.5,6390.41
7/25/12,2155.5,6406.52
7/26/12,2041.5,6582.96
7/27/12,1980,6689.4
7/30/12,1907.5,6774.06
7/31/12,1915.5,6772.26
8/1/12,1940.5,6754.46
8/2/12,2011,6606.09
8/3/12,1872,6865.66
8/6/12,1853.5,6918.72
8/7/12,1826,6967.95
8/8/12,1818,6966.15
8/9/12,1812,6964.99
8/10/12,1809,6944.56
8/13/12,1836,6909.68
8/14/12,1803.5,6974.39
8/15/12,1806.5,6946.8
8/16/12,1790,6996.29
8/17/12,1765,7040.88
8/20/12,1771.5,7033.68
8/21/12,1749,7089.32
8/22/12,1781,7017.75
8/23/12,1822,6949.57
8/24/12,1814,6971.07
8/28/12,1799.5,7002.68
8/29/12,1798,7010.57
8/30/12,1842,6895.49
8/31/12,1818,6970.79
9/3/12,1792.5,7014.83
9/4/12,1823,6932.58
9/5/12,1812,6964.69
9/6/12,1713.5,7167.33
9/7/12,1694.5,7214.5
9/10/12,1699.5,7213.7
9/11/12,1655.5,7310.11
9/12/12,1639.5,7343.53
9/13/12,1656.5,7310.32
9/14/12,1628.5,7412.13
9/17/12,1629,7403.69
9/18/12,1634,7347.69
9/19/12,1629,7390.76
9/20/12,1619,7389.49
9/21/12,1590,7451.62
9/24/12,1601.5,7413.16
9/25/12,1600.5,7425.11
9/26/12,1652,7276.51
9/27/12,1647,7290.02
9/28/12,1681.5,7216.15
10/1/12,1639.5,7326.73
10/2/12,1653,7305.86
10/3/12,1648.5,7322.08
10/4/12,1661,7305.21
10/5/12,1630,7397.87
10/8/12,1672.5,7291.21
10/9/12,1697.5,7234.53
10/10/12,1701.5,7205.23
10/11/12,1671.5,7281.7
10/12/12,1688.5,7232.49
10/15/12,1680.5,7261.25
10/16/12,1632.5,7376.27
10/17/12,1629,7394.55
10/18/12,1610,7437.23
10/19/12,1645.5,7380.64
10/22/12,1668.5,7328.05
10/23/12,1733.5,7173.69
10/24/12,1712,7192.85
10/25/12,1698.5,7200.23
10/26/12,1684.5,7231.85
10/29/12,1698.5,7203.16
10/30/12,1668.5,7284.4
10/31/12,1667.5,7260.63
11/1/12,1633.5,7335.67
11/2/12,1619.5,7363.85
11/5/12,1632.5,7326.47
11/6/12,1612,7377.76
11/7/12,1671.5,7232.83
11/8/12,1677,7204.96
11/9/12,1697,7163.5
11/12/12,1702,7168.76
11/13/12,1698,7169.12
11/14/12,1736,7101.92
11/15/12,1773.5,7043.42
11/16/12,1808,6950.53
11/19/12,1727.5,7123.84
11/20/12,1702,7172.99
11/21/12,1696,7184.71
11/22/12,1675,7244.99
11/23/12,1648.5,7309.13
11/26/12,1657,7292.03
11/27/12,1631,7332.33
11/28/12,1627,7343.41
11/29/12,1608,7400.96
11/30/12,1606.5,7405.5
12/3/12,1597.5,7435.21
12/4/12,1602.5,7435.12
12/5/12,1593.5,7454.55
12/6/12,1543.5,7534.54
12/7/12,1556,7517.8
12/10/12,1541.5,7530.92
12/11/12,1521,7589.75
12/12/12,1515,7614.79
12/13/12,1536.5,7581.98
12/14/12,1532.5,7596.47
12/17/12,1529,7604.94
12/18/12,1505,7653.58
12/19/12,1502,7668.5
12/20/12,1500,7672.1
12/21/12,1514,7636.23
12/27/12,1522.5,7655.88
12/28/12,1557,7612.39
1/2/13,1455,7778.78
1/3/13,1461,7756.44
1/4/13,1460,7776.37
1/7/13,1477,7732.66
1/8/13,1489,7695.83
1/9/13,1480,7720.47
1/10/13,1496,7708.47
1/11/13,1506,7715.53
1/14/13,1505,7729.52
1/15/13,1525,7675.91
1/16/13,1522,7691.13
1/17/13,1514,7735.46
1/18/13,1523.5,7702.23
1/21/13,1515.5,7748.86
1/22/13,1528,7696.21
1/23/13,1526.5,7707.54
1/24/13,1524.5,7748.13
1/25/13,1493,7857.97
1/28/13,1509.5,7833
1/29/13,1499,7848.57
1/30/13,1522.5,7811.31
1/31/13,1524.5,7776.05
2/1/13,1531.5,7833.39
2/4/13,1588.5,7638.23
2/5/13,1591.5,7664.66
2/6/13,1618.5,7581.18
2/7/13,1597.5,7590.85
2/8/13,1559,7652.14
2/11/13,1583.5,7633.74
2/12/13,1579.5,7660.19
2/13/13,1567,7711.89
2/14/13,1589,7631.19
2/15/13,1607.5,7593.51
2/18/13,1595.5,7628.73
2/19/13,1547,7752.45
2/20/13,1570,7728.9
2/21/13,1618,7583.57
2/22/13,1577.5,7661.91
2/25/13,1550.5,7773.19
2/26/13,1603,7597.11
2/27/13,1573.5,7675.83
2/28/13,1536,7741.7
3/1/13,1556,7708.16
3/4/13,1558,7691.68
3/5/13,1485,7870.31
3/6/13,1472,7919.33
3/7/13,1477,7939.77
3/8/13,1457.5,7986.47
3/11/13,1460,7984.29
3/12/13,1473.5,7966.12
3/13/13,1457,7970.91
3/14/13,1419,8058.37
3/15/13,1426.5,8042.85
3/18/13,1427,8010.7
3/19/13,1438,7947.79
3/20/13,1426,8001.97
3/21/13,1444.5,7932.51
3/22/13,1450.5,7911.35
3/25/13,1459,7870.9
3/26/13,1455,7879.67
3/27/13,1483,7789.09
3/28/13,1483.5,7795.31
4/2/13,1432.5,7943.87
4/3/13,1453,7874.75
4/4/13,1469.5,7817.39
4/5/13,1536,7658.75
4/8/13,1544.5,7662.64
4/9/13,1562.5,7637.51
4/10/13,1483.5,7810.63
4/11/13,1455.5,7871.63
4/12/13,1507.5,7744.77
4/15/13,1523.5,7712.63
4/16/13,1537,7682.58
4/17/13,1604.5,7503.03
4/18/13,1618.5,7473.73
4/19/13,1632,7459.96
4/22/13,1618,7478.11
4/23/13,1532.5,7658.21
4/24/13,1490.5,7759.03
4/25/13,1450.5,7832.86
4/26/13,1453,7814.76
4/29/13,1439,7873.5
4/30/13,1424,7913.71
5/2/13,1394.5,7961.71
5/3/13,1345.5,8122.29
5/7/13,1333,8181.78
5/8/13,1305.5,8249.71
5/9/13,1299.5,8262.55
5/10/13,1297,8278.59
5/13/13,1301.5,8279.29
5/14/13,1287,8339.11
5/15/13,1271.5,8362.42
5/16/13,1266,8369.87
5/17/13,1258.5,8398
5/20/13,1242.5,8455.83
5/21/13,1250,8472.2
5/22/13,1235.5,8530.89
5/23/13,1288,8351.98
5/24/13,1297,8305.32
5/28/13,1240,8480.87
5/29/13,1290,8336.58
5/30/13,1272,8400.2
5/31/13,1280,8348.84
6/3/13,1297,8285.8
6/4/13,1298,8295.96
6/5/13,1321,8196.18
6/6/13,1350,8098.81
6/7/13,1300,8254.68
6/10/13,1283,8307.69
6/11/13,1312,8222.46
6/12/13,1336.5,8143.27
6/13/13,1345.5,8095.39
6/14/13,1341,8127.96
6/17/13,1309,8215.73
6/18/13,1319,8229.51
6/19/13,1325.5,8197.08
6/20/13,1403.5,7928.48
6/21/13,1448.5,7789.24
6/24/13,1491.5,7692.45
6/25/13,1442.5,7811.3
6/26/13,1392.5,7940.99
6/27/13,1383,7990.75
6/28/13,1398,7959.22
7/1/13,1392.5,7983.92
7/2/13,1421.5,7910.77
7/3/13,1434.5,7829.32
7/4/13,1383.5,7994.31
7/5/13,1455.5,7806
7/8/13,1396,7968.54
7/9/13,1364,8057.75
7/10/13,1365.5,8066.48
7/11/13,1331.5,8158.8
7/12/13,1318,8212.77
7/15/13,1312.5,8234.81
7/16/13,1326,8201.05
7/17/13,1302,8254.72
7/18/13,1276.5,8337.09
7/19/13,1274,8331.57
7/22/13,1272,8331.06
7/23/13,1278,8314.23
7/24/13,1264,8379.11
7/25/13,1288,8298.98
7/26/13,1302.5,8244.91
7/29/13,1301,8259.03
7/30/13,1304,8271.02
7/31/13,1318.5,8275.97
8/1/13,1268,8410.73
8/2/13,1260.5,8406.94
8/5/13,1256,8398.38
8/6/13,1290,8299.73
8/7/13,1292,8260.48
8/8/13,1279.5,8318.32
8/9/13,1270,8338.31
8/12/13,1259,8359.25
8/13/13,1239,8415.76
8/14/13,1228,8438.12
8/15/13,1242.5,8376.29
8/16/13,1241,8391.94
8/19/13,1246,8366.29
8/20/13,1274,8300.03
8/21/13,1273,8285.41
8/22/13,1246,8397.89
8/23/13,1242,8416.99
8/27/13,1289,8242.56
8/28/13,1317,8157.9
8/29/13,1299.5,8194.55
8/30/13,1323.5,8103.15
9/2/13,1277,8243.87
9/3/13,1290,8180.71
9/4/13,1280,8195.92
9/5/13,1270.5,8234.98
9/6/13,1255,8275.67
9/9/13,1252,8276.32
9/10/13,1198,8446.54
9/11/13,1189,8495.73
9/12/13,1187.5,8494
9/13/13,1173,8509.42
9/16/13,1146.5,8613
9/17/13,1151.5,8596.95
9/18/13,1141.5,8636.06
9/19/13,1135.5,8694.18
9/20/13,1139.5,8675.73
9/23/13,1149.5,8635.29
9/24/13,1141.5,8664.6
9/25/13,1138.5,8665.63
9/26/13,1142.5,8664.1
9/27/13,1136.5,8661.51
9/30/13,1151.5,8594.4
10/1/13,1124.5,8689.14
10/2/13,1142,8629.42
10/3/13,1158.5,8597.91
10/4/13,1155,8622.97
10/7/13,1161.5,8591.58
10/8/13,1167,8555.89
10/9/13,1178,8516.69
10/10/13,1138.5,8685.77
10/11/13,1133,8724.83
10/14/13,1130.5,8723.81
10/15/13,1102,8804.44
10/16/13,1097,8846
10/17/13,1102.5,8811.98
10/18/13,1092,8865.1
10/21/13,1087.5,8867.22
10/22/13,1074,8947.46
10/23/13,1085,8919.86
10/24/13,1080,8980.63
10/25/13,1067,8985.74
10/28/13,1070.5,8978.65
10/29/13,1065,9022.04
10/30/13,1066.5,9010.27
10/31/13,1050,9033.92
11/1/13,1057,9007.83
11/4/13,1050,9037.23
11/5/13,1047,9009.11
11/6/13,1041,9040.87
11/7/13,1020,9081.03
11/8/13,1024.5,9078.28
11/11/13,1019.5,9107.86
11/12/13,1033.5,9076.48
11/13/13,1035,9054.83
11/14/13,1011,9149.66
11/15/13,1004,9168.69
11/18/13,993.625,9225.43
11/19/13,1002.5,9193.29
11/20/13,993.125,9202.07
11/21/13,993.625,9196.08
11/22/13,992.875,9219.04
11/25/13,975.375,9299.95
11/26/13,977.625,9290.07
11/27/13,961.625,9351.13
11/28/13,951.5,9387.37
11/29/13,946.125,9405.3
12/2/13,943.625,9401.96
12/3/13,979,9223.4
12/4/13,999.625,9140.63
12/5/13,1020.5,9084.95
12/6/13,1000.875,9172.41
12/9/13,994.875,9195.17
12/10/13,1012.5,9114.44
12/11/13,1027.5,9077.11
12/12/13,1042,9017
12/13/13,1042,9006.46
12/16/13,1011,9163.56
12/17/13,1026.5,9085.12
12/18/13,1000.375,9181.75
12/19/13,963.5,9335.74
12/20/13,951.5,9400.18
12/23/13,935.375,9488.82
12/27/13,913,9589.39
12/30/13,911.25,9552.16
1/2/14,938.625,9400.04
1/3/14,932.25,9435.15
1/6/14,936.25,9428
1/7/14,919.25,9506.2
1/8/14,919.125,9497.84
1/9/14,930.25,9421.61
1/10/14,925.5,9473.24
1/13/14,922.375,9510.17
1/14/14,914,9540.51
1/15/14,878.5,9733.81
1/16/14,880.25,9717.71
1/17/14,867.875,9742.96
1/20/14,875.125,9715.9
1/21/14,868.625,9730.12
1/22/14,863.125,9720.11
1/23/14,884.875,9631.04
1/24/14,939.625,9392.02
1/27/14,938,9349.22
1/28/14,929.25,9406.91
1/29/14,941.25,9336.73
1/30/14,935.375,9373.48
1/31/14,939.75,9306.48
2/3/14,977.625,9186.52
2/4/14,987.625,9127.91
2/5/14,991,9116.32
2/6/14,968,9256.58
2/7/14,954.625,9301.92
2/10/14,957.625,9289.86
2/11/14,919.5,9478.77
2/12/14,895.5,9540
2/13/14,885.75,9596.77
2/14/14,871.25,9662.4
2/17/14,871.125,9656.76
2/18/14,875.125,9659.78
2/19/14,877.125,9660.05
2/20/14,884.625,9618.85
2/21/14,875.25,9656.95
2/24/14,873.375,9708.94
2/25/14,866.625,9699.35
2/26/14,870.125,9661.73
2/27/14,883.75,9588.33
2/28/14,872.875,9692.08
3/3/14,927.25,9358.89
3/4/14,883.5,9589.15
3/5/14,889.75,9542.02
3/6/14,895.375,9542.87
3/7/14,932.75,9350.75
3/10/14,956.875,9265.5
3/11/14,948.5,9307.79
3/12/14,972.5,9188.69
3/13/14,1008,9017.79
3/14/14,1004.5,9056.41
3/17/14,974.125,9180.89
3/18/14,965.625,9242.55
3/19/14,953,9277.05
3/20/14,947.375,9296.12
3/21/14,937.125,9342.94
3/24/14,971.75,9188.77
3/25/14,939.375,9338.4
3/26/14,915.625,9448.58
3/27/14,905.25,9451.21
3/28/14,881.75,9587.19
3/31/14,882.5,9555.91
4/1/14,882.375,9603.71
4/2/14,872.5,9623.36
4/3/14,873,9628.82
4/4/14,860.75,9695.77
4/7/14,894.875,9510.85
4/8/14,895,9490.79
4/9/14,892.25,9506.35
4/10/14,905.875,9454.54
4/11/14,936.75,9315.29
4/14/14,925.125,9339.17
4/15/14,957.375,9173.71
4/16/14,922.625,9317.82
4/17/14,904.875,9409.71
4/22/14,865,9600.09
4/23/14,878.625,9544.19
4/24/14,881.125,9548.68
4/25/14,904.375,9401.55
4/28/14,900.875,9446.36
4/29/14,867.75,9584.12
4/30/14,865,9603.23
5/2/14,878.125,9556.02
5/6/14,889.875,9467.53
5/7/14,879.375,9521.3
5/8/14,861,9607.4
5/9/14,862.875,9581.45
5/12/14,840.5,9702.46
5/13/14,828.75,9754.43
5/14/14,832.375,9754.39
5/15/14,851.75,9656.05
5/16/14,854.5,9629.1
5/19/14,846.375,9659.39
5/20/14,848.625,9639.08
5/21/14,835.375,9697.87
5/22/14,829.25,9720.91
5/23/14,823.625,9768.01
5/27/14,794.375,9940.82
5/28/14,799.25,9939.17
5/29/14,798.5,9938.9
5/30/14,797.5,9943.27
6/2/14,792.25,9950.12
6/3/14,800.25,9919.74
6/4/14,798.75,9926.67
6/5/14,793.375,9947.83
6/6/14,788.875,9987.19
6/9/14,782,10008.63
6/10/14,778.75,10028.8
6/11/14,788.625,9949.81
6/12/14,788,9938.7
6/13/14,784.5,9912.87
6/16/14,789.25,9883.98
6/17/14,784.75,9920.32
6/18/14,785.25,9930.33
6/19/14,772,10004
6/20/14,771.75,9987.24
6/23/14,784.875,9920.92
6/24/14,782.25,9938.08
6/25/14,795,9867.75
6/26/14,804.375,9804.9
6/27/14,803.375,9815.17
6/30/14,796.625,9833.07
7/1/14,788.25,9902.41
7/2/14,781.375,9911.27
7/3/14,762,10029.43
7/4/14,764,10009.08
7/7/14,780.5,9906.07
7/8/14,801.875,9772.67
7/9/14,797.25,9808.2
7/10/14,819.875,9659.13
7/11/14,822.375,9666.34
7/14/14,801.75,9783.01
7/15/14,802.5,9719.41
7/16/14,781.875,9859.27
7/17/14,800,9753.88
7/18/14,808,9720.02
7/21/14,823.125,9612.05
7/22/14,801.125,9734.33
7/23/14,797.625,9753.56
7/24/14,794.5,9794.06
7/25/14,818,9644.01
7/28/14,824.625,9598.17
7/29/14,815.5,9653.63
7/30/14,824.125,9593.68
7/31/14,856.875,9407.48
8/1/14,900.375,9210.08
8/4/14,909,9154.14
8/5/14,899.125,9189.74
8/6/14,911.5,9130.04
8/7/14,928.5,9038.97
8/8/14,941,9009.32
8/11/14,903,9180.74
8/12/14,922.75,9069.47
8/13/14,900.75,9198.88
8/14/14,897.625,9225.1
8/15/14,930.375,9092.6
8/18/14,887.125,9245.33
8/19/14,875.125,9334.28
8/20/14,877.375,9314.57
8/21/14,863.625,9401.53
8/22/14,870.5,9339.17
8/26/14,822.375,9588.15
8/27/14,826.125,9569.71
8/28/14,843.625,9462.56
8/29/14,845.375,9470.17
9/1/14,837.125,9479.03
9/2/14,836.375,9507.02
9/3/14,819.75,9626.49
9/4/14,794,9724.26
9/5/14,792.625,9747.02
9/8/14,799.5,9758.03
9/9/14,806.5,9710.7
9/10/14,804.875,9700.17
9/11/14,806.875,9691.28
9/12/14,812.625,9651.13
9/15/14,810.375,9659.63
9/16/14,815.5,9632.93
9/17/14,804.125,9661.5
9/18/14,781,9798.13
9/19/14,773.5,9799.26
9/22/14,782.75,9749.54
9/23/14,809.25,9595.03
9/24/14,791.375,9661.97
9/25/14,815.75,9510.01
9/26/14,819.875,9490.55
9/29/14,830,9422.91
9/30/14,817,9474.3
10/1/14,833.75,9382.03
10/2/14,872.75,9195.68
10/6/14,877.375,9209.51
10/7/14,897.375,9086.21
10/8/14,916.25,8995.33
10/9/14,912.5,9005.02
10/10/14,955.625,8788.81
10/13/14,957.625,8812.43
10/14/14,957.125,8825.21
10/15/14,1022.5,8571.95
10/16/14,1012.5,8582.9
10/17/14,948.875,8850.27
10/20/14,973.5,8717.76
10/21/14,931.5,8886.96
10/22/14,922.125,8940.14
10/23/14,899.125,9047.31
10/24/14,908.375,8987.8
10/27/14,926.875,8902.61
10/28/14,892.625,9068.19
10/29/14,894.625,9082.81
10/30/14,884.625,9114.84
10/31/14,839.75,9326.87
11/3/14,848.75,9251.7
11/4/14,867.125,9166.47
11/5/14,837.75,9315.48
11/6/14,826,9377.41
11/7/14,842.125,9291.83
11/10/14,832.25,9351.87
11/11/14,829.125,9369.03
11/12/14,862.875,9210.96
11/13/14,858.625,9248.51
11/14/14,865.125,9252.94
11/17/14,851.875,9306.35
11/18/14,830.125,9456.53
11/19/14,828.125,9472.8
11/20/14,821.625,9483.97
11/21/14,771.75,9732.55
11/24/14,763.75,9785.54
11/25/14,756.25,9861.21
11/26/14,743.625,9915.56
11/27/14,737.625,9974.87
11/28/14,737.5,9980.85
12/1/14,738.75,9963.51
12/2/14,740.125,9934.08
12/3/14,725.75,9971.79
12/4/14,752.875,9851.35
12/5/14,712.75,10087.12
12/8/14,720.75,10014.99
12/9/14,755,9793.71
12/10/14,755,9799.73
12/11/14,744.375,9862.53
12/12/14,791.125,9594.73
12/15/14,836.875,9334.01
12/16/14,793.875,9563.89
12/17/14,791.125,9544.43
12/18/14,744,9811.06
12/19/14,747,9786.96
12/22/14,732.75,9865.76
12/23/14,727.625,9922.11
12/29/14,724.25,9927.13
12/30/14,743.375,9805.55
1/2/15,747.375,9764.73
1/5/15,792.125,9473.16
1/6/15,791.5,9469.66
1/7/15,787.625,9518.18
1/8/15,727.75,9837.61
1/9/15,761.625,9648.5
1/12/15,735.375,9781.9
1/13/15,708.125,9941
1/14/15,724.75,9817.08
1/15/15,685.875,10032.61
1/16/15,658,10167.77
1/19/15,658.375,10242.35
1/20/15,652.75,10257.13
1/21/15,650.125,10299.23
1/22/15,624.375,10435.62
1/23/15,592.125,10649.58
1/26/15,574,10798.33
1/27/15,592.625,10628.58
1/28/15,584.875,10710.97
1/29/15,583.625,10737.87
1/30/15,588.75,10694.32
2/2/15,577.625,10828.01
2/3/15,570.25,10890.95
2/4/15,564.625,10911.32
2/5/15,561.375,10905.41
2/6/15,564.5,10846.39
2/9/15,582.75,10663.51
2/10/15,573.25,10753.83
2/11/15,572.375,10752.11
2/12/15,555,10919.65
2/13/15,549.5,10963.4
2/16/15,553.75,10923.23
2/17/15,559.5,10895.62
2/18/15,547,10961
2/19/15,543.75,11001.94
2/20/15,539,11050.64
2/23/15,529.25,11130.92
2/24/15,519.5,11205.74
2/25/15,519.5,11210.27
2/26/15,505,11327.19
2/27/15,498.55,11401.66
3/2/15,499.05,11410.36
3/3/15,507.875,11280.36
3/4/15,498.45,11390.38
3/5/15,486.95,11504.01
3/6/15,480.1,11550.97
3/9/15,475.9,11582.11
3/10/15,475.55,11500.38
3/11/15,450.15,11805.99
3/12/15,453.9,11799.39
3/13/15,446.7,11901.61
3/16/15,426.95,12167.72
3/17/15,442.45,11980.85
3/18/15,450.6,11922.77
3/19/15,448.5,11899.4
3/20/15,439.8,12039.37
3/23/15,456.9,11895.84
3/24/15,448.8,12005.69
3/25/15,458.9,11865.32
3/26/15,462.1,11843.68
3/27/15,458.5,11868.33
3/30/15,440.5,12086.01
3/31/15,443.6,11966.17
4/1/15,443.8,12001.38
4/2/15,452.75,11967.39
4/7/15,438.15,12123.52
4/8/15,438.4,12035.86
4/9/15,430.75,12166.44
4/10/15,415.45,12374.73
4/13/15,415.9,12338.73
4/14/15,423.75,12227.6
4/15/15,419.75,12231.34
4/16/15,437.65,11998.86
4/17/15,462.65,11688.7
4/20/15,446.1,11891.91
4/21/15,440.75,11939.58
4/22/15,442,11867.37
4/23/15,456.4,11723.58
4/24/15,449,11810.85
4/27/15,430.95,12039.16
4/28/15,447.65,11811.66
4/29/15,478.5,11432.72
4/30/15,480.95,11454.38
5/5/15,496.6,11327.68
5/6/15,499.25,11350.15
5/7/15,491.4,11407.97
5/8/15,459.8,11709.73
5/11/15,454.15,11673.35
5/12/15,470.5,11472.41
5/13/15,484.75,11351.46
5/14/15,462.8,11559.82
5/15/15,477.7,11447.03
5/18/15,463.2,11594.28
5/19/15,437.25,11853.33
5/20/15,436,11848.47
5/21/15,432.65,11864.59
5/22/15,437.45,11815.01
5/26/15,450.7,11625.13
5/27/15,438.85,11771.13
5/28/15,449.2,11677.57
5/29/15,472.8,11413.82
6/1/15,469.95,11436.05
6/2/15,483.9,11328.8
6/3/15,481.7,11419.62
6/4/15,486.55,11340.6
6/5/15,495.45,11197.15
6/8/15,510.5,11064.92
6/9/15,518.75,11001.29
6/10/15,488.7,11265.39
6/11/15,482.75,11332.78
6/12/15,492.15,11196.49
6/15/15,509,10984.97
6/16/15,501.25,11044.01
6/17/15,506,10978.01
6/18/15,494.6,11100.3
6/19/15,497,11040.1
6/22/15,463.4,11460.5
6/23/15,451.6,11542.54
6/24/15,457.5,11471.26
6/25/15,457,11473.13
6/26/15,453.2,11492.43
6/29/15,485.75,11083.2
6/30/15,494.55,10944.97
7/1/15,478.65,11180.5
7/2/15,485.45,11099.35
7/3/15,490.85,11058.39
7/6/15,503.75,10890.63
7/7/15,522.75,10676.78
7/8/15,523.25,10747.3
7/9/15,495.05,10996.41
7/10/15,466.9,11315.63
7/13/15,448.5,11484.38
7/14/15,444.8,11516.9
7/15/15,438.45,11539.66
7/16/15,423.05,11716.76
7/17/15,424.15,11673.42
7/20/15,419.15,11735.72
7/21/15,434.05,11604.8
7/22/15,437.45,11520.67
7/23/15,444.7,11512.11
7/24/15,457.2,11347.45
7/27/15,483.05,11056.4
7/28/15,471.7,11173.91
7/29/15,465.3,11211.85
7/30/15,459.05,11257.15
7/31/15,458.65,11308.99
8/3/15,445.35,11443.72
8/4/15,442.8,11456.07
8/5/15,424.6,11636.3
8/6/15,434.15,11585.1
8/7/15,443.45,11490.83
8/10/15,434.7,11604.78
8/11/15,460.45,11293.65
8/12/15,492.35,10924.61
8/13/15,485.5,11014.63
8/14/15,484.2,10985.14
8/17/15,486.8,10940.33
8/18/15,486,10915.92
8/19/15,508.875,10682.15
8/20/15,537.75,10432.19
8/21/15,575.25,10124.52
8/24/15,647.75,9648.43
8/25/15,566.5,10128.12
8/26/15,588.875,9997.43
8/27/15,548.75,10315.62
8/28/15,556.375,10298.53
9/1/15,588.625,10015.57
9/2/15,580.625,10048.05
9/3/15,546.25,10317.84
9/4/15,578.25,10038.04
9/7/15,570.5,10108.61
9/8/15,548.75,10271.36
9/9/15,544.75,10303.12
9/10/15,556.5,10210.44
9/11/15,567.875,10123.56
9/14/15,565.375,10131.74
9/15/15,560.25,10188.13
9/16/15,553.25,10227.21
9/17/15,552.875,10229.58
9/18/15,591.375,9916.16
9/21/15,575.625,9948.51
9/22/15,626,9570.66
9/23/15,624.875,9612.62
9/24/15,658.125,9427.64
9/25/15,617,9688.53
9/28/15,644.875,9483.55
9/29/15,651.125,9450.4
9/30/15,620.75,9660.44
10/1/15,640.125,9509.25
10/2/15,638.375,9553.07
10/5/15,601.75,9814.79
10/6/15,587.25,9902.83
10/7/15,581,9970.4
10/8/15,576.25,9993.07
10/9/15,568.75,10096.6
10/12/15,563.25,10119.83
10/13/15,580.25,10032.82
10/14/15,586.625,9915.85
10/15/15,567.5,10064.8
10/16/15,562.375,10104.43
10/19/15,551.5,10164.31
10/20/15,553.25,10147.68
10/21/15,546,10238.1
10/22/15,509.75,10491.97
10/23/15,478.7,10794.54
10/26/15,477.1,10801.34
10/27/15,487,10692.19
10/28/15,476.3,10831.96
10/29/15,476.4,10800.84
10/30/15,471.9,10850.14
11/2/15,460.7,10950.67
11/3/15,459.75,10951.15
11/4/15,464.7,10845.24
11/5/15,464.85,10887.74
11/6/15,456.75,10988.03
11/9/15,470.85,10815.45
11/10/15,465.6,10832.52
11/11/15,458.1,10907.87
11/12/15,469.3,10782.63
11/13/15,476.4,10708.4
11/16/15,476.5,10713.23
11/17/15,448.55,10971.04
11/18/15,448.3,10959.95
11/19/15,439,11085.44
11/20/15,435.95,11119.83
11/23/15,436.6,11092.31
11/24/15,455.85,10933.99
11/25/15,432.75,11169.54
11/26/15,420.85,11320.77
11/27/15,423.7,11293.76
11/30/15,415.8,11382.23
12/1/15,425.45,11261.24
12/2/15,433.45,11190.02
12/3/15,471.05,10789.24
12/4/15,476.8,10752.1
12/7/15,464.95,10886.09
12/8/15,484.3,10673.6
12/9/15,490.1,10592.49
12/10/15,488.1,10598.93
12/11/15,512.625,10340.06
12/14/15,538,10139.34
12/15/15,503.375,10450.38
12/16/15,504.125,10469.26
12/17/15,474.85,10738.12
12/18/15,488.85,10608.19
12/21/15,499.1,10497.77
12/22/15,509.75,10488.75
12/23/15,478.45,10727.64
12/29/15,472.55,10860.14
12/30/15,480.85,10743.01
1/4/16,521.875,10283.44
1/5/16,517.75,10310.1
1/6/16,527.125,10214.02
1/7/16,559.25,9979.85
1/8/16,576.375,9849.34
1/11/16,576.375,9825.07
1/12/16,561.125,9985.43
1/13/16,565.375,9960.96
1/14/16,582.5,9794.2
1/15/16,628.625,9545.27
1/18/16,625.125,9521.85
1/19/16,613,9664.21
1/20/16,650.25,9391.64
1/21/16,616.625,9574.16
1/22/16,582,9764.88
1/25/16,592.375,9736.15
1/26/16,577.5,9822.75
1/27/16,578.375,9880.82
1/28/16,605,9639.59
1/29/16,590.25,9798.11
2/1/16,587.125,9757.88
2/2/16,608.875,9581.04
2/3/16,626.25,9434.82
2/4/16,638.375,9393.36
2/5/16,657.875,9286.23
2/8/16,704.375,8979.36
2/9/16,721.125,8879.4
2/10/16,696.25,9017.29
2/11/16,746.625,8752.87
2/12/16,706.75,8967.51
2/15/16,661.625,9206.84
2/16/16,681.625,9135.11
2/17/16,642,9377.21
2/18/16,625.25,9463.64
2/19/16,641.375,9388.05
2/22/16,615.875,9573.59
2/23/16,635.625,9416.77
2/24/16,681.875,9167.8
2/25/16,655.5,9331.48
2/26/16,625.5,9513.3
2/29/16,626.375,9495.4
3/1/16,592.375,9717.16
3/2/16,578.375,9776.62
3/3/16,585,9751.92
3/4/16,576.25,9824.17
3/7/16,579.875,9778.93
3/8/16,593.5,9692.82
3/9/16,586.5,9723.09
3/10/16,617.375,9498.15
3/11/16,572.5,9831.13
3/14/16,554.125,9990.26
3/15/16,565,9933.85
3/16/16,561.25,9983.41
3/17/16,570.75,9892.2
3/18/16,559.125,9950.8
3/21/16,562.25,9948.64
3/22/16,564,9990
3/23/16,559.75,10022.93
3/24/16,575.75,9851.35
3/29/16,570.25,9887.94
3/30/16,552.75,10046.61
3/31/16,565,9965.51
4/1/16,593,9794.64
4/4/16,587.875,9822.08
4/5/16,620.75,9563.36
4/6/16,615.5,9624.51
4/7/16,631.875,9530.62
4/8/16,617.25,9622.26
4/11/16,602,9682.99
4/12/16,592.5,9761.47
4/13/16,558.625,10026.1
4/14/16,551,10093.65
4/15/16,554,10051.57
4/18/16,544.25,10120.31
4/19/16,518.375,10349.59
4/20/16,507.875,10421.29
4/21/16,506.75,10435.73
4/22/16,510.5,10373.49
4/25/16,515.25,10294.35
4/26/16,515.875,10259.59
4/27/16,515.125,10299.83
4/28/16,512,10321.15
4/29/16,542,10038.97
5/3/16,560.625,9926.77
5/4/16,576.375,9828.25
5/5/16,569.875,9851.86
5/6/16,566.5,9869.95
5/9/16,554.875,9980.49
5/10/16,546.125,10045.44
5/11/16,554.25,9975.32
5/12/16,565,9862.12
5/13/16,553.75,9952.9
5/17/16,560.5,9890.19
5/18/16,543.875,9943.23
5/19/16,556.25,9795.89
5/20/16,547.25,9916.02
5/23/16,554,9842.29
5/24/16,522.375,10057.31
5/25/16,505.375,10205.21
5/26/16,500.35,10272.71
5/27/16,500.35,10286.31
5/31/16,503.625,10262.74
6/1/16,517.75,10204.44
6/2/16,513.25,10208
6/3/16,530.5,10103.26
6/6/16,530.375,10121.08
6/7/16,509.125,10287.68
6/8/16,521,10217.03
6/9/16,532.25,10088.87
6/10/16,562,9834.62
6/13/16,582.75,9657.44
6/14/16,605,9519.2
6/15/16,589.5,9606.71
6/16/16,595.125,9550.47
6/17/16,588.5,9631.36
6/20/16,532,9962.02
6/21/16,522.625,10015.54
6/22/16,511.375,10071.06
6/23/16,500.425,10257.03
6/24/16,606,9557.16
6/27/16,653.75,9268.66
6/28/16,628,9447.28
6/29/16,599.875,9612.27
6/30/16,599.25,9680.09
7/1/16,590.75,9776.12
7/4/16,594.75,9709.09
7/5/16,629.125,9532.61
7/6/16,654.875,9373.26
7/7/16,645.5,9418.78
7/8/16,613,9629.66
7/11/16,587.75,9833.41
7/12/16,561.625,9964.07
7/13/16,567,9930.71
7/14/16,546.125,10068.3
7/15/16,551.125,10066.9
7/18/16,546.75,10063.13
7/19/16,559.5,9981.24
7/20/16,540.625,10142.01
7/21/16,535.5,10156.21
7/22/16,542.25,10147.46
7/25/16,535.5,10198.24
7/26/16,529.125,10247.76
7/27/16,523.125,10319.55
7/28/16,529.125,10274.93
7/29/16,525.125,10337.5
8/1/16,525.875,10330.52
8/2/16,543.875,10144.34
8/3/16,538.75,10170.21
8/4/16,538.75,10227.86
8/5/16,524.125,10367.21
8/8/16,516.75,10432.36
8/9/16,493.65,10692.9
8/10/16,500.125,10650.89
8/11/16,495.6,10742.84
8/12/16,497.25,10713.43
8/15/16,497.45,10739.21
8/16/16,500.875,10676.65
8/17/16,515,10537.67
8/18/16,506.125,10603.03
8/19/16,514.125,10544.36
8/22/16,517.875,10494.35
8/23/16,504.75,10592.88
8/24/16,497,10622.97
8/25/16,508.75,10529.59
8/26/16,502,10587.77
8/30/16,493.05,10657.64
8/31/16,495.5,10592.69
9/1/16,500.525,10534.31
9/2/16,483.3,10683.82
9/5/16,483.25,10672.22
9/6/16,482.05,10687.14
9/7/16,479.3,10752.98
9/8/16,488.4,10675.29
9/9/16,498.3,10573.44
9/12/16,510.5,10431.77
9/13/16,520,10386.6
9/14/16,518.875,10378.4
9/15/16,512.375,10431.2
9/16/16,531.125,10276.17
9/19/16,521.375,10373.87
9/20/16,521.125,10393.86
9/21/16,516.375,10436.49
9/22/16,493.45,10674.18
9/23/16,502.125,10626.97
9/26/16,526.375,10393.71
9/27/16,526.5,10361.48
9/28/16,516.125,10438.34
9/29/16,522.875,10405.54
9/30/16,509.75,10511.02
10/4/16,505,10619.61
10/5/16,510.75,10585.78
10/6/16,512.875,10568.8
10/7/16,531.625,10490.86
10/10/16,518.875,10624.08
10/11/16,528.125,10577.16
10/12/16,531.625,10523.07
10/13/16,543.875,10414.07
10/14/16,523.875,10580.38
10/17/16,532.875,10503.57
10/18/16,512.875,10631.55
10/19/16,510.875,10645.68
10/20/16,506.625,10701.39
10/21/16,504.875,10710.73
10/24/16,499.4,10761.17
10/25/16,502.5,10757.31
10/26/16,504.625,10709.68
10/27/16,507,10717.08
10/28/16,511.25,10696.19
10/31/16,510.125,10665.01
11/1/16,530.75,10526.16
11/2/16,543.75,10370.93
11/3/16,541.625,10325.88
11/4/16,546.25,10259.13
11/7/16,528.375,10456.95
11/8/16,525.375,10482.32
11/9/16,501.5,10646.01
11/10/16,495.6,10630.12
11/11/16,490.55,10667.95
11/14/16,485.2,10693.69
11/15/16,483.85,10735.14
11/16/16,486.65,10663.87
11/17/16,484.15,10685.54
11/18/16,487,10664.56
11/21/16,482.15,10685.13
11/22/16,480.4,10713.85
11/23/16,481.1,10662.44
11/24/16,479.3,10689.26
11/25/16,480.45,10699.27
11/28/16,491.8,10582.67
11/29/16,486.7,10620.49
11/30/16,482.9,10640.3
12/1/16,492.7,10534.05
12/2/16,489.4,10513.35
12/5/16,474.8,10684.83
12/6/16,467.55,10775.32
12/7/16,454.75,10986.69
12/8/16,433.55,11179.42
12/9/16,428.2,11203.63
12/12/16,429.35,11190.21
12/13/16,421.9,11284.65
12/14/16,423.75,11244.84
12/15/16,415.05,11366.4
12/16/16,414.55,11404.01
12/19/16,413.6,11426.7
12/20/16,409.5,11464.74
12/21/16,411.15,11468.64
12/22/16,416.05,11456.1
12/23/16,418.1,11449.93
12/28/16,413.85,11474.99
12/29/16,419.3,11451.05
12/30/16,419.45,11481.06
1/3/17,405.55,11584.24
1/4/17,407.2,11584.31
1/5/17,407.2,11584.94
1/6/17,408.1,11599.01
1/9/17,415.2,11563.99
1/10/17,413.9,11583.3
1/11/17,408.75,11646.17
1/12/17,419.45,11521.04
1/13/17,411.9,11629.18
1/16/17,419.95,11554.71
1/17/17,413.25,11540
1/18/17,411.7,11599.39
1/19/17,409.75,11596.89
1/20/17,409.65,11630.13
1/23/17,411.25,11545.75
1/24/17,408.25,11594.94
1/25/17,388,11806.05
1/26/17,385.5,11848.63
1/27/17,389.5,11814.27
1/30/17,399.3,11681.89
1/31/17,408.75,11535.31
2/1/17,398.75,11659.5
2/2/17,404.55,11627.95
2/3/17,403.05,11651.49
2/6/17,413,11509.84
2/7/17,407.95,11549.44
2/8/17,407,11543.38
2/9/17,398,11642.86
2/10/17,397.3,11666.97
2/13/17,387.7,11774.43
2/14/17,388.3,11771.81
2/15/17,387.25,11793.93
2/16/17,392.7,11757.24
2/17/17,393.9,11757.02
2/20/17,385.8,11827.62
2/21/17,374.5,11967.49
2/22/17,372.4,11998.59
2/23/17,375.3,11947.83
2/24/17,384.25,11804.03
2/27/17,385.55,11822.67
2/28/17,385.4,11834.41
3/1/17,372.55,12067.19
3/2/17,372.5,12059.57
3/3/17,376.9,12027.36
3/6/17,382,11958.4
3/7/17,383.45,11966.14
3/8/17,382.2,11967.31
3/9/17,382.7,11978.39
3/10/17,387.2,11963.18
3/13/17,382.75,11990.03
3/14/17,384.3,11988.79
3/15/17,380.3,12009.87
3/16/17,375.4,12083.18
3/17/17,375.8,12095.24
3/20/17,377.85,12052.9
3/21/17,382.4,11962.13
3/22/17,384.95,11904.12
3/23/17,374.5,12039.68
3/24/17,374.65,12064.27
3/27/17,379.35,11996.07
3/28/17,369.6,12149.42
3/29/17,366.15,12203
3/30/17,359.95,12256.43
3/31/17,355.15,12312.87
4/3/17,356.85,12257.2
4/4/17,357.5,12282.34
4/5/17,360.6,12217.54
4/6/17,358.4,12230.89
4/7/17,360.4,12225.06
4/10/17,359.5,12200.52
4/11/17,363.5,12139.35
4/12/17,360.9,12154.7
4/13/17,364.3,12109
4/18/17,364.1,12000.44
4/19/17,363.3,12016.45
4/20/17,364.5,12027.32
4/21/17,361.2,12048.57
4/24/17,343.1,12454.98
4/25/17,342.3,12467.04
4/26/17,340.35,12472.8
4/27/17,339.8,12443.79
4/28/17,339.9,12438.01
5/2/17,337.5,12507.9
5/3/17,337.35,12527.84
5/4/17,332.05,12647.78
5/5/17,327.8,12716.89
5/8/17,326.85,12694.55
5/9/17,322.4,12749.12
5/10/17,322.15,12757.46
5/11/17,326.4,12711.06
5/12/17,325,12770.41
5/15/17,324.1,12807.04
5/16/17,326.45,12804.53
5/17/17,336.7,12631.61
5/18/17,336.25,12590.06
5/19/17,335.05,12638.69
5/22/17,338.05,12619.46
5/23/17,335.55,12659.15
5/24/17,337.45,12642.87
5/25/17,338.75,12621.72
5/26/17,343.45,12602.18
5/30/17,341.7,12598.68
5/31/17,339.05,12615.06
6/1/17,337.4,12664.92
6/2/17,331.25,12822.94
6/6/17,337.85,12690.12
6/7/17,336.75,12672.49
6/8/17,333.15,12713.58
6/9/17,333.1,12815.72
6/12/17,340.55,12690.44
6/13/17,335.7,12764.98
6/14/17,332.85,12805.95
6/15/17,336.65,12691.81
6/16/17,334.6,12752.73
6/19/17,326.95,12888.95
6/20/17,332.3,12814.79
6/21/17,334.85,12774.26
6/22/17,333.1,12794
6/23/17,336.3,12733.41
6/26/17,334.3,12770.83
6/27/17,341.55,12671.02
6/28/17,340.2,12647.27
6/29/17,353.95,12416.19
6/30/17,358.05,12325.12
7/3/17,348.9,12475.31
7/4/17,350.05,12437.13
7/5/17,349.6,12453.68
7/6/17,355.5,12381.25
7/7/17,357.2,12388.68
7/10/17,353.3,12445.92
7/11/17,356.1,12437.02
7/12/17,342.3,12626.58
7/13/17,341,12641.33
7/14/17,339.5,12631.72
7/17/17,342,12587.16
7/18/17,354.95,12430.39
7/19/17,352.55,12452.05
7/20/17,358.1,12447.25
7/21/17,370.3,12240.06
7/24/17,370.4,12208.95
7/25/17,365.9,12264.31
7/26/17,362.8,12305.11
7/27/17,369.5,12212.04
7/28/17,374.1,12162.7
7/31/17,375.2,12118.25
8/1/17,365.9,12251.29
8/2/17,372.5,12181.48
8/3/17,376.5,12154.72
8/4/17,366.4,12297.72
8/7/17,371.25,12257.17
8/8/17,368.6,12292.05
8/9/17,376,12154
8/10/17,386.1,12014.3
8/11/17,386.9,12014.06
8/14/17,375.6,12165.12
8/15/17,377.7,12177.04
8/16/17,371.5,12263.86
8/17/17,375.5,12203.46
8/18/17,378.55,12165.19
8/21/17,386.7,12065.99
8/22/17,375.8,12229.34
8/23/17,381.45,12174.3
8/24/17,380.5,12180.83
8/25/17,381.55,12167.94
8/29/17,398.75,11945.88
8/30/17,391.45,12002.47
8/31/17,387.5,12055.84
9/1/17,379.85,12142.64
9/4/17,384.15,12102.21
9/5/17,380.85,12123.71
9/6/17,374.3,12214.54
9/7/17,370.9,12296.63
9/8/17,368.95,12303.98
9/11/17,357.6,12475.24
9/12/17,351.1,12524.77
9/13/17,348.3,12553.57
9/14/17,344.5,12540.45
9/15/17,343.4,12518.81
9/18/17,342.4,12559.39
9/19/17,342.9,12561.79
9/20/17,342.2,12569.17
9/21/17,338.4,12600.03
9/22/17,340.65,12592.35
9/25/17,338.2,12594.81
9/26/17,337.7,12605.2
9/27/17,333.8,12657.41
9/28/17,331.9,12704.65
9/29/17,328.3,12828.86
10/2/17,324.7,12902.65
10/4/17,321.3,12970.52
10/5/17,323.85,12968.05
10/6/17,326.65,12955.94
10/9/17,323.9,12976.4
10/10/17,324.95,12949.25
10/11/17,325.5,12970.68
10/12/17,325.25,12982.89
10/13/17,321.35,12991.87
10/16/17,320.9,13003.7
10/17/17,321.05,12995.06
10/18/17,320.4,13043.03
10/19/17,324.55,12990.1
10/20/17,323,12991.28
10/23/17,321.15,13003.14
10/24/17,322.15,13013.19
10/25/17,323.85,12953.41
10/26/17,312.85,13133.28
10/27/17,307.35,13217.54
10/30/17,306.1,13229.57
11/1/17,293.35,13465.51
11/2/17,300.4,13440.93
11/3/17,296.95,13478.86
11/6/17,295.95,13468.79
11/7/17,298.45,13379.27
11/8/17,299.65,13382.42
11/9/17,309.05,13182.56
11/10/17,311.3,13127.47
11/13/17,315.05,13074.42
11/14/17,320.35,13033.48
11/15/17,322.45,12976.37
11/16/17,318.25,13047.22
11/17/17,320.65,12993.73
11/20/17,315.15,13058.66
11/21/17,310.15,13167.54
11/22/17,317.75,13015.04
11/23/17,319.45,13008.55
11/24/17,317.5,13059.84
11/27/17,320.75,13000.2
11/28/17,318.95,13059.53
11/29/17,313.9,13061.87
11/30/17,313.4,13023.98
12/1/17,323.2,12861.49
12/4/17,312.5,13058.55
12/5/17,311.6,13048.54
12/6/17,314.95,12998.85
12/7/17,312.4,13045.15
12/8/17,306.55,13153.7
12/11/17,310.15,13123.65
12/12/17,306.55,13183.53
12/13/17,308.55,13125.64
12/14/17,309.5,13068.08
12/15/17,311,13103.56
12/18/17,299.95,13312.3
12/19/17,306.1,13215.79
12/20/17,313.6,13069.17
12/21/17,312.15,13109.74
12/22/17,313.1,13072.79
12/27/17,312.95,13070.02
12/28/17,318.35,12979.94
12/29/17,319.75,12917.64